{
  "optimal_stations": [
    "7025394745",
    "1882736853",
    "3217650523",
    "5785243553",
    "6277544340"
  ],
  "best_fitness": 625783.0254976093,
  "generations": 100,
  "execution_time_seconds": 43.01394963264465
}